ASSET_ID,SITE_NM,SITE_CD,REGION_CD,LAT,LON,STATUS_CD,TOWER_REG,TOTAL_CAP_MBPS,ALLOC_CAP_MBPS
100001,Riverbend Macro Site 18,MSITE-100001,NE-04,43.101101,-71.373185,1,TWR-NE-0001,10000,4300
100002,Lakeshore Tower 13,MSITE-100002,SE-02,32.585457,-83.513806,1,TWR-SE-0002,2000,1350
100003,Riverbend Rooftop 37,MSITE-100003,MW-07,41.462335,-87.517493,1,TWR-MW-0003,4000,2650
100004,Foxglove Node 28,MSITE-100004,SW-01,33.694633,-110.923289,1,TWR-SW-0004,10000,2500
100005,Dunmore Node 11,MSITE-100005,NW-03,47.39257,-122.737153,2,TWR-NW-0005,2000,600
100006,Ridge Macro Site 17,MSITE-100006,NE-04,41.633523,-71.939982,1,TWR-NE-0006,1000,700
100007,Foxglove Hub 5,MSITE-100007,SE-02,33.785581,-85.392058,3,TWR-SE-0007,4000,1200
100008,Mill Creek Tower 11,MSITE-100008,MW-07,41.357125,-86.464568,1,TWR-MW-0008,10000,7100
100009,Riverbend Macro Site 31,MSITE-100009,SW-01,34.004568,-112.108284,1,TWR-SW-0009,4000,2100
100010,Crossing Macro Site 23,MSITE-100010,NW-03,48.615167,-121.407834,1,TWR-NW-0010,2000,1400
100011,Foxglove Hub 6,MSITE-100011,NE-04,42.821051,-71.741781,1,TWR-NE-0011,2000,1250
100012,Northgate Macro Site 33,MSITE-100012,SE-02,34.518611,-83.763261,1,TWR-SE-0012,1000,650
100013,Riverbend Rooftop 27,MSITE-100013,MW-07,40.734287,-86.910614,1,TWR-MW-0013,4000,3100
100014,Oakview Rooftop 37,MSITE-100014,SW-01,34.075969,-113.189767,1,TWR-SW-0014,500,350
100015,Harbor Hub 20,MSITE-100015,NW-03,48.038163,-123.133305,1,TWR-NW-0015,4000,2000
100016,Cedar Micro-Site 15,MSITE-100016,NE-04,42.532037,-70.287835,1,TWR-NE-0016,500,200
100017,Northgate Small Cell 40,MSITE-100017,SE-02,33.135779,-84.947731,1,TWR-SE-0017,10000,3550
100018,Ridge Node 3,MSITE-100018,MW-07,42.919203,-87.079189,1,TWR-MW-0018,10000,4600
100019,Riverbend Micro-Site 38,MSITE-100019,SW-01,32.667139,-112.704489,1,TWR-SW-0019,500,150
100020,Mill Creek Tower 8,MSITE-100020,NW-03,47.132814,-122.194819,1,TWR-NW-0020,4000,2700
100021,Dunmore Macro Site 7,MSITE-100021,NE-04,42.452999,-71.432967,3,TWR-NE-0021,2000,1300
100022,Stonebridge Small Cell 22,MSITE-100022,SE-02,32.805325,-83.959317,1,TWR-SE-0022,10000,4750
100023,Riverbend Tower 23,MSITE-100023,MW-07,42.751725,-86.866847,1,TWR-MW-0023,4000,1050
100024,Dunmore Macro Site 6,MSITE-100024,SW-01,33.380548,-112.937957,1,TWR-SW-0024,2000,950
100025,Kingsley Rooftop 40,MSITE-100025,NW-03,46.91891,-122.729746,1,TWR-NW-0025,2000,850
100026,Summit Hub 2,MSITE-100026,NE-04,43.407109,-72.159283,1,TWR-NE-0026,4000,1050
100027,Willow Hub 23,MSITE-100027,SE-02,33.487071,-84.078381,1,TWR-SE-0027,10000,7700
100028,Ashford Small Cell 32,MSITE-100028,MW-07,41.614154,-87.439577,1,TWR-MW-0028,500,100
100029,Willow Micro-Site 25,MSITE-100029,SW-01,32.511664,-112.93181,1,TWR-SW-0029,4000,1050
100030,Mill Creek Node 12,MSITE-100030,NW-03,46.830301,-123.289244,1,TWR-NW-0030,1000,600
100031,Granite Tower 6,MSITE-100031,NE-04,42.117575,-71.507667,1,TWR-NE-0031,2000,1300
100032,Mill Creek Tower 19,MSITE-100032,SE-02,33.993945,-84.790391,3,TWR-SE-0032,4000,2550
100033,Dunmore Node 12,MSITE-100033,MW-07,41.749827,-87.318854,1,TWR-MW-0033,10000,7150
100034,Crossing Hub 21,MSITE-100034,SW-01,33.849491,-112.019765,1,TWR-SW-0034,10000,4050
100035,Fairview Node 36,MSITE-100035,NW-03,47.550804,-123.52994,1,TWR-NW-0035,1000,300
100036,Summit Tower 21,MSITE-100036,NE-04,41.325206,-70.051086,1,TWR-NE-0036,500,350
100037,Cedar Rooftop 5,MSITE-100037,SE-02,34.242789,-84.466711,1,TWR-SE-0037,4000,3000
100038,Dunmore Small Cell 1,MSITE-100038,MW-07,41.446481,-87.872522,1,TWR-MW-0038,1000,700
100039,Lakeshore Rooftop 5,MSITE-100039,SW-01,32.559274,-112.926989,1,TWR-SW-0039,4000,2800
100040,Riverbend Macro Site 40,MSITE-100040,NW-03,48.044624,-121.844406,1,TWR-NW-0040,500,300
100041,Ashford Hub 2,MSITE-100041,NE-04,41.590194,-70.122689,1,TWR-NE-0041,1000,500
100042,Mill Creek Tower 28,MSITE-100042,SE-02,32.608188,-84.146163,1,TWR-SE-0042,500,150
100043,Whitfield Micro-Site 28,MSITE-100043,MW-07,42.408548,-86.58459,1,TWR-MW-0043,2000,1000
100044,Oakview Tower 5,MSITE-100044,SW-01,33.909475,-112.263715,1,TWR-SW-0044,1000,750
100045,Beacon Tower 16,MSITE-100045,NW-03,48.683191,-121.137851,1,TWR-NW-0045,4000,2400
100046,Granite Tower 24,MSITE-100046,NE-04,43.251734,-70.563431,1,TWR-NE-0046,2000,1450
100047,Summit Rooftop 40,MSITE-100047,SE-02,33.019704,-85.311208,1,TWR-SE-0047,4000,3100
100048,Stonebridge Rooftop 23,MSITE-100048,MW-07,41.302473,-87.488508,1,TWR-MW-0048,1000,650
100049,Lakeshore Small Cell 14,MSITE-100049,SW-01,34.397585,-111.035402,1,TWR-SW-0049,1000,650
100050,Dunmore Tower 21,MSITE-100050,NW-03,46.414688,-121.33477,3,TWR-NW-0050,2000,850
100051,Beacon Hub 1,MSITE-100051,NE-04,42.806751,-71.980777,1,TWR-NE-0051,4000,2400
100052,Lakeshore Node 24,MSITE-100052,SE-02,34.072259,-85.01954,1,TWR-SE-0052,10000,4950
100053,Lakeshore Rooftop 4,MSITE-100053,MW-07,41.876999,-87.401962,1,TWR-MW-0053,1000,500
100054,Cedar Small Cell 9,MSITE-100054,SW-01,33.410586,-111.978428,1,TWR-SW-0054,1000,500
100055,Crossing Node 24,MSITE-100055,NW-03,47.847804,-121.323873,2,TWR-NW-0055,1000,650
100056,Kingsley Hub 32,MSITE-100056,NE-04,42.744316,-70.011344,2,TWR-NE-0056,1000,250
100057,Beacon Micro-Site 30,MSITE-100057,SE-02,33.796216,-84.657492,1,TWR-SE-0057,500,250
100058,Foxglove Micro-Site 2,MSITE-100058,MW-07,41.573201,-88.798032,1,TWR-MW-0058,1000,700
100059,Oakview Macro Site 6,MSITE-100059,SW-01,32.855427,-112.168287,1,TWR-SW-0059,4000,1950
100060,Mill Creek Small Cell 7,MSITE-100060,NW-03,46.468693,-121.883373,1,TWR-NW-0060,500,150
100061,Ashford Node 7,MSITE-100061,NE-04,43.073022,-70.998435,1,TWR-NE-0061,10000,3950
100062,Kingsley Tower 27,MSITE-100062,SE-02,33.335786,-84.29382,1,TWR-SE-0062,10000,5550
100063,Oakview Hub 34,MSITE-100063,MW-07,42.349708,-87.651434,1,TWR-MW-0063,10000,7000
100064,Ashford Tower 3,MSITE-100064,SW-01,34.492363,-111.676433,1,TWR-SW-0064,1000,350
100065,Foxglove Tower 6,MSITE-100065,NW-03,48.76853,-122.458866,1,TWR-NW-0065,500,150
100066,Dunmore Small Cell 22,MSITE-100066,NE-04,42.547903,-70.208002,1,TWR-NE-0066,1000,250
100067,Cedar Hub 3,MSITE-100067,SE-02,34.553117,-84.430473,1,TWR-SE-0067,1000,600
100068,Northgate Tower 7,MSITE-100068,MW-07,40.874466,-88.202252,1,TWR-MW-0068,500,100
100069,Ashford Node 33,MSITE-100069,SW-01,33.04492,-111.642903,1,TWR-SW-0069,4000,2750
100070,Granite Macro Site 13,MSITE-100070,NW-03,46.948984,-121.967674,3,TWR-NW-0070,2000,800
100071,Riverbend Tower 36,MSITE-100071,NE-04,43.513109,-70.402626,1,TWR-NE-0071,4000,1350
100072,Mill Creek Node 28,MSITE-100072,SE-02,33.840101,-84.499487,1,TWR-SE-0072,1000,350
100073,Whitfield Hub 8,MSITE-100073,MW-07,42.804839,-88.791846,1,TWR-MW-0073,1000,300
100074,Summit Rooftop 3,MSITE-100074,SW-01,32.604122,-111.655232,1,TWR-SW-0074,4000,2100
100075,Northgate Small Cell 2,MSITE-100075,NW-03,47.193715,-122.076549,1,TWR-NW-0075,4000,2750
100076,Foxglove Tower 3,MSITE-100076,NE-04,42.651794,-71.476671,2,TWR-NE-0076,1000,400
100077,Ridge Hub 38,MSITE-100077,SE-02,33.295018,-84.487746,1,TWR-SE-0077,1000,650
100078,Ashford Node 40,MSITE-100078,MW-07,42.942962,-88.726053,1,TWR-MW-0078,500,250
100079,Foxglove Rooftop 7,MSITE-100079,SW-01,34.401214,-111.099006,1,TWR-SW-0079,500,150
100080,Fairview Tower 32,MSITE-100080,NW-03,46.719588,-121.272169,1,TWR-NW-0080,2000,1450
100081,Lakeshore Hub 24,MSITE-100081,NE-04,42.573626,-70.38717,1,TWR-NE-0081,4000,3000
100082,Willow Tower 25,MSITE-100082,SE-02,33.366886,-83.375903,1,TWR-SE-0082,1000,300
100083,Northgate Rooftop 12,MSITE-100083,MW-07,41.162833,-87.580782,1,TWR-MW-0083,10000,6100
100084,Willow Rooftop 3,MSITE-100084,SW-01,32.736659,-111.529098,1,TWR-SW-0084,500,250
100085,Crossing Micro-Site 13,MSITE-100085,NW-03,46.958508,-122.511302,1,TWR-NW-0085,500,300
100086,Foxglove Tower 35,MSITE-100086,NE-04,41.567554,-70.295505,1,TWR-NE-0086,1000,700
100087,Stonebridge Node 26,MSITE-100087,SE-02,34.404957,-84.765005,1,TWR-SE-0087,500,350
100088,Oakview Node 31,MSITE-100088,MW-07,41.417599,-86.998347,1,TWR-MW-0088,1000,600
100089,Ashford Small Cell 12,MSITE-100089,SW-01,32.549673,-112.514372,1,TWR-SW-0089,10000,3550
100090,Fairview Tower 10,MSITE-100090,NW-03,47.788468,-122.701179,1,TWR-NW-0090,500,150
100091,Beacon Macro Site 17,MSITE-100091,NE-04,41.370678,-70.292229,1,TWR-NE-0091,500,150
100092,Stonebridge Macro Site 32,MSITE-100092,SE-02,32.720304,-84.244633,1,TWR-SE-0092,500,350
100093,Kingsley Node 23,MSITE-100093,MW-07,41.135677,-88.024281,1,TWR-MW-0093,1000,650
100094,Stonebridge Rooftop 10,MSITE-100094,SW-01,33.929355,-112.105169,1,TWR-SW-0094,500,150
100095,Beacon Rooftop 24,MSITE-100095,NW-03,46.957014,-121.462896,1,TWR-NW-0095,1000,400
100096,Granite Micro-Site 34,MSITE-100096,NE-04,42.065526,-71.562203,1,TWR-NE-0096,2000,550
100097,Ashford Macro Site 14,MSITE-100097,SE-02,34.603776,-85.430655,1,TWR-SE-0097,10000,4600
100098,Dunmore Small Cell 34,MSITE-100098,MW-07,42.226988,-88.237259,1,TWR-MW-0098,10000,7200
100099,Whitfield Rooftop 13,MSITE-100099,SW-01,32.686473,-112.848265,1,TWR-SW-0099,2000,750
100100,Ridge Small Cell 6,MSITE-100100,NW-03,46.892227,-122.063985,1,TWR-NW-0100,10000,3350
100101,Dunmore Macro Site 40,MSITE-100101,NE-04,42.090228,-70.249204,1,TWR-NE-0101,1000,550
100102,Northgate Hub 20,MSITE-100102,SE-02,34.489981,-85.260875,1,TWR-SE-0102,10000,7800
100103,Riverbend Micro-Site 24,MSITE-100103,MW-07,42.596182,-87.214445,1,TWR-MW-0103,10000,6450
100104,Ridge Small Cell 20,MSITE-100104,SW-01,34.006799,-111.685245,1,TWR-SW-0104,2000,1350
100105,Northgate Node 34,MSITE-100105,NW-03,47.419734,-123.521708,2,TWR-NW-0105,1000,300
100106,Cedar Node 22,MSITE-100106,NE-04,43.036576,-69.904972,1,TWR-NE-0106,2000,1500
100107,Willow Small Cell 13,MSITE-100107,SE-02,34.359392,-85.053824,1,TWR-SE-0107,4000,1000
100108,Whitfield Micro-Site 33,MSITE-100108,MW-07,41.301611,-88.755826,1,TWR-MW-0108,4000,2700
100109,Stonebridge Hub 32,MSITE-100109,SW-01,34.576185,-111.580563,1,TWR-SW-0109,10000,7050
100110,Granite Rooftop 6,MSITE-100110,NW-03,47.414786,-122.109724,1,TWR-NW-0110,2000,1250
100111,Summit Hub 36,MSITE-100111,NE-04,41.366529,-72.207529,1,TWR-NE-0111,500,100
100112,Ridge Rooftop 1,MSITE-100112,SE-02,34.275172,-83.958952,1,TWR-SE-0112,10000,7200
100113,Oakview Tower 36,MSITE-100113,MW-07,42.299509,-88.768507,1,TWR-MW-0113,10000,6100
100114,Northgate Node 30,MSITE-100114,SW-01,33.034352,-112.371682,1,TWR-SW-0114,500,200
100115,Fairview Micro-Site 39,MSITE-100115,NW-03,46.918011,-121.478556,1,TWR-NW-0115,10000,3950
100116,Ridge Node 10,MSITE-100116,NE-04,43.03537,-71.702417,1,TWR-NE-0116,10000,7400
100117,Beacon Macro Site 31,MSITE-100117,SE-02,33.334493,-84.265,1,TWR-SE-0117,2000,650
100118,Beacon Tower 1,MSITE-100118,MW-07,41.373521,-87.908959,1,TWR-MW-0118,1000,350
100119,Crossing Rooftop 9,MSITE-100119,SW-01,32.464344,-110.996287,1,TWR-SW-0119,4000,2250
100120,Granite Micro-Site 30,MSITE-100120,NW-03,48.163751,-123.297557,1,TWR-NW-0120,4000,2750
100121,Stonebridge Small Cell 18,MSITE-100121,NE-04,43.290426,-70.912185,1,TWR-NE-0121,2000,600
100122,Whitfield Hub 13,MSITE-100122,SE-02,33.112697,-83.724067,1,TWR-SE-0122,1000,550
100123,Willow Macro Site 37,MSITE-100123,MW-07,40.879836,-87.502459,1,TWR-MW-0123,1000,550
100124,Stonebridge Micro-Site 27,MSITE-100124,SW-01,32.321974,-112.425026,1,TWR-SW-0124,4000,1500
100125,Cedar Rooftop 27,MSITE-100125,NW-03,48.718199,-123.428813,1,TWR-NW-0125,1000,300
100126,Stonebridge Small Cell 14,MSITE-100126,NE-04,41.185344,-70.206611,1,TWR-NE-0126,4000,1000
100127,Ashford Node 15,MSITE-100127,SE-02,33.52879,-84.407181,1,TWR-SE-0127,10000,4200
100128,Dunmore Micro-Site 10,MSITE-100128,MW-07,42.163549,-87.829253,1,TWR-MW-0128,10000,6450
100129,Lakeshore Hub 4,MSITE-100129,SW-01,33.334367,-111.819395,1,TWR-SW-0129,10000,7300
100130,Mill Creek Rooftop 21,MSITE-100130,NW-03,48.607255,-122.479895,1,TWR-NW-0130,1000,450
100131,Crossing Tower 13,MSITE-100131,NE-04,41.308656,-69.912333,1,TWR-NE-0131,4000,2500
100132,Dunmore Macro Site 30,MSITE-100132,SE-02,33.0875,-85.335602,1,TWR-SE-0132,2000,1450
100133,Fairview Hub 23,MSITE-100133,MW-07,41.303399,-87.185607,1,TWR-MW-0133,500,350
100134,Northgate Small Cell 3,MSITE-100134,SW-01,32.51907,-111.037429,1,TWR-SW-0134,10000,6050
100135,Oakview Macro Site 21,MSITE-100135,NW-03,46.682374,-121.549296,1,TWR-NW-0135,4000,2650
100136,Foxglove Small Cell 27,MSITE-100136,NE-04,41.672738,-71.546849,1,TWR-NE-0136,10000,5300
100137,Harbor Small Cell 26,MSITE-100137,SE-02,34.175008,-83.499478,1,TWR-SE-0137,4000,2150
100138,Fairview Node 16,MSITE-100138,MW-07,42.699624,-88.556152,1,TWR-MW-0138,2000,1100
100139,Harbor Node 26,MSITE-100139,SW-01,32.776521,-112.074133,3,TWR-SW-0139,1000,550
100140,Harbor Small Cell 32,MSITE-100140,NW-03,47.657591,-122.78554,1,TWR-NW-0140,500,300
100141,Summit Tower 13,MSITE-100141,NE-04,41.939468,-70.876557,1,TWR-NE-0141,4000,2800
100142,Cedar Micro-Site 33,MSITE-100142,SE-02,33.232434,-83.778781,2,TWR-SE-0142,2000,1250
100143,Fairview Small Cell 3,MSITE-100143,MW-07,41.070568,-88.102089,1,TWR-MW-0143,1000,300
100144,Mill Creek Macro Site 23,MSITE-100144,SW-01,33.243778,-113.136893,1,TWR-SW-0144,2000,1400
100145,Oakview Node 1,MSITE-100145,NW-03,47.612043,-122.142074,1,TWR-NW-0145,1000,600
100146,Cedar Micro-Site 20,MSITE-100146,NE-04,42.754147,-70.112825,1,TWR-NE-0146,10000,4400
100147,Northgate Tower 40,MSITE-100147,SE-02,33.516227,-83.409537,2,TWR-SE-0147,4000,3050
100148,Willow Small Cell 9,MSITE-100148,MW-07,43.030723,-86.964927,1,TWR-MW-0148,10000,5450
100149,Mill Creek Node 11,MSITE-100149,SW-01,33.625878,-111.951343,1,TWR-SW-0149,4000,2900
100150,Beacon Macro Site 5,MSITE-100150,NW-03,47.627601,-122.520232,1,TWR-NW-0150,2000,900
100151,Granite Macro Site 28,MSITE-100151,NE-04,41.505555,-69.979863,1,TWR-NE-0151,2000,950
100152,Ridge Rooftop 10,MSITE-100152,SE-02,34.086724,-85.161795,1,TWR-SE-0152,1000,700
100153,Oakview Macro Site 14,MSITE-100153,MW-07,41.63974,-86.765819,1,TWR-MW-0153,2000,1100
100154,Riverbend Node 30,MSITE-100154,SW-01,32.258692,-111.391833,1,TWR-SW-0154,4000,1950
100155,Whitfield Tower 37,MSITE-100155,NW-03,47.566294,-121.371186,1,TWR-NW-0155,4000,1900
100156,Northgate Rooftop 5,MSITE-100156,NE-04,42.786937,-71.651312,1,TWR-NE-0156,1000,400
100157,Willow Micro-Site 1,MSITE-100157,SE-02,33.417801,-85.016507,3,TWR-SE-0157,4000,2350
100158,Oakview Micro-Site 19,MSITE-100158,MW-07,40.712501,-88.232918,1,TWR-MW-0158,1000,300
100159,Crossing Micro-Site 11,MSITE-100159,SW-01,32.846702,-113.26582,2,TWR-SW-0159,2000,500
100160,Harbor Hub 38,MSITE-100160,NW-03,48.677873,-121.931853,1,TWR-NW-0160,10000,7550
100161,Ridge Node 36,MSITE-100161,NE-04,42.053073,-70.116302,1,TWR-NE-0161,4000,2100
100162,Northgate Tower 13,MSITE-100162,SE-02,34.282251,-84.114825,1,TWR-SE-0162,4000,2050
100163,Summit Micro-Site 11,MSITE-100163,MW-07,40.807828,-88.733628,1,TWR-MW-0163,10000,4800
100164,Summit Tower 18,MSITE-100164,SW-01,33.580721,-113.107164,1,TWR-SW-0164,2000,800
100165,Beacon Hub 40,MSITE-100165,NW-03,48.0386,-123.126385,1,TWR-NW-0165,4000,2900
100166,Dunmore Small Cell 14,MSITE-100166,NE-04,43.025651,-69.874358,1,TWR-NE-0166,10000,4050
100167,Granite Tower 27,MSITE-100167,SE-02,32.895542,-84.353057,1,TWR-SE-0167,4000,3000
100168,Crossing Small Cell 15,MSITE-100168,MW-07,42.593057,-87.030184,1,TWR-MW-0168,2000,800
100169,Riverbend Macro Site 7,MSITE-100169,SW-01,32.435113,-111.800127,1,TWR-SW-0169,1000,550
100170,Ashford Small Cell 13,MSITE-100170,NW-03,48.005411,-121.716459,1,TWR-NW-0170,2000,500
100171,Fairview Rooftop 26,MSITE-100171,NE-04,41.266951,-70.653758,1,TWR-NE-0171,500,350
100172,Cedar Hub 28,MSITE-100172,SE-02,33.369207,-85.44083,1,TWR-SE-0172,4000,3050
100173,Summit Hub 29,MSITE-100173,MW-07,42.562621,-87.311293,1,TWR-MW-0173,2000,1150
100174,Fairview Macro Site 16,MSITE-100174,SW-01,32.951585,-111.761604,1,TWR-SW-0174,10000,4150
100175,Ridge Hub 23,MSITE-100175,NW-03,47.870936,-123.004009,1,TWR-NW-0175,2000,1250
100176,Crossing Small Cell 26,MSITE-100176,NE-04,43.504941,-70.889375,1,TWR-NE-0176,1000,400
100177,Beacon Micro-Site 13,MSITE-100177,SE-02,33.938485,-84.397671,1,TWR-SE-0177,2000,650
100178,Ashford Node 37,MSITE-100178,MW-07,41.306493,-86.560362,1,TWR-MW-0178,2000,800
100179,Willow Node 22,MSITE-100179,SW-01,33.855359,-112.921689,1,TWR-SW-0179,1000,300
100180,Granite Node 10,MSITE-100180,NW-03,46.689608,-122.994782,1,TWR-NW-0180,500,250
100181,Willow Small Cell 31,MSITE-100181,NE-04,42.982054,-72.104371,1,TWR-NE-0181,10000,2500
100182,Summit Small Cell 22,MSITE-100182,SE-02,33.43779,-84.781871,1,TWR-SE-0182,4000,2450
100183,Whitfield Micro-Site 14,MSITE-100183,MW-07,42.501087,-88.431717,1,TWR-MW-0183,2000,1350
100184,Dunmore Node 8,MSITE-100184,SW-01,34.573472,-112.998197,1,TWR-SW-0184,500,150
100185,Ridge Small Cell 29,MSITE-100185,NW-03,48.599922,-121.195771,1,TWR-NW-0185,10000,2900
100186,Ridge Rooftop 6,MSITE-100186,NE-04,42.550564,-70.54967,1,TWR-NE-0186,500,300
100187,Beacon Small Cell 21,MSITE-100187,SE-02,34.103835,-85.556569,1,TWR-SE-0187,1000,750
100188,Foxglove Node 23,MSITE-100188,MW-07,41.079766,-87.099454,1,TWR-MW-0188,1000,450
100189,Cedar Tower 6,MSITE-100189,SW-01,32.356102,-111.043113,2,TWR-SW-0189,2000,1100
100190,Summit Rooftop 8,MSITE-100190,NW-03,47.196978,-121.423245,1,TWR-NW-0190,4000,1950
100191,Granite Hub 36,MSITE-100191,NE-04,41.954052,-70.719381,1,TWR-NE-0191,10000,3350
100192,Beacon Node 27,MSITE-100192,SE-02,32.76835,-84.583676,1,TWR-SE-0192,500,250
100193,Harbor Macro Site 19,MSITE-100193,MW-07,41.991876,-88.146785,1,TWR-MW-0193,4000,3000
100194,Dunmore Node 23,MSITE-100194,SW-01,34.396927,-110.896891,1,TWR-SW-0194,10000,3700
100195,Cedar Macro Site 40,MSITE-100195,NW-03,47.344885,-122.196591,1,TWR-NW-0195,500,100
100196,Foxglove Micro-Site 23,MSITE-100196,NE-04,43.239941,-70.286857,1,TWR-NE-0196,10000,5450
100197,Kingsley Rooftop 29,MSITE-100197,SE-02,32.881928,-84.537158,1,TWR-SE-0197,1000,700
100198,Willow Micro-Site 29,MSITE-100198,MW-07,42.966081,-88.22712,1,TWR-MW-0198,1000,400
100199,Crossing Small Cell 27,MSITE-100199,SW-01,34.248478,-112.155711,1,TWR-SW-0199,1000,300
100200,Harbor Micro-Site 6,MSITE-100200,NW-03,47.637125,-122.665279,1,TWR-NW-0200,500,350
100201,Oakview Tower 15,MSITE-100201,NE-04,43.076194,-70.095298,1,TWR-NE-0201,4000,2200
100202,Kingsley Macro Site 31,MSITE-100202,SE-02,33.207807,-84.858009,1,TWR-SE-0202,1000,500
100203,Stonebridge Node 12,MSITE-100203,MW-07,42.737792,-88.525857,1,TWR-MW-0203,1000,750
100204,Foxglove Small Cell 23,MSITE-100204,SW-01,32.649082,-113.22847,1,TWR-SW-0204,2000,800
100205,Fairview Rooftop 34,MSITE-100205,NW-03,48.267466,-122.8477,1,TWR-NW-0205,2000,1000
100206,Ashford Small Cell 4,MSITE-100206,NE-04,42.425168,-70.632063,1,TWR-NE-0206,2000,1050
100207,Stonebridge Small Cell 37,MSITE-100207,SE-02,34.661732,-85.430861,1,TWR-SE-0207,1000,400
100208,Harbor Tower 28,MSITE-100208,MW-07,42.365019,-87.807241,1,TWR-MW-0208,1000,550
100209,Oakview Small Cell 18,MSITE-100209,SW-01,33.700991,-111.509237,1,TWR-SW-0209,1000,450
100210,Fairview Micro-Site 2,MSITE-100210,NW-03,47.367036,-122.420219,1,TWR-NW-0210,10000,7350
100211,Mill Creek Rooftop 39,MSITE-100211,NE-04,42.440676,-70.282533,1,TWR-NE-0211,10000,7800
100212,Kingsley Node 35,MSITE-100212,SE-02,33.757475,-83.90346,1,TWR-SE-0212,10000,6450
100213,Cedar Hub 1,MSITE-100213,MW-07,42.948848,-86.868748,1,TWR-MW-0213,500,200
100214,Ridge Micro-Site 11,MSITE-100214,SW-01,33.449649,-113.197582,1,TWR-SW-0214,2000,750
100215,Ridge Node 19,MSITE-100215,NW-03,48.607419,-121.372643,1,TWR-NW-0215,10000,6550
100216,Summit Macro Site 26,MSITE-100216,NE-04,41.787099,-69.872373,1,TWR-NE-0216,4000,1300
100217,Crossing Tower 3,MSITE-100217,SE-02,33.078822,-84.88814,1,TWR-SE-0217,10000,6500
100218,Lakeshore Tower 22,MSITE-100218,MW-07,41.01091,-88.445929,1,TWR-MW-0218,10000,7450
100219,Cedar Macro Site 9,MSITE-100219,SW-01,32.993465,-111.668128,1,TWR-SW-0219,500,150
100220,Foxglove Tower 15,MSITE-100220,NW-03,48.283367,-121.36663,1,TWR-NW-0220,10000,5550
100221,Summit Tower 2,MSITE-100221,NE-04,42.657854,-71.099082,1,TWR-NE-0221,2000,1550
100222,Mill Creek Micro-Site 19,MSITE-100222,SE-02,33.832572,-83.718738,1,TWR-SE-0222,2000,600
100223,Ridge Tower 36,MSITE-100223,MW-07,43.020028,-87.65496,1,TWR-MW-0223,1000,550
100224,Oakview Node 37,MSITE-100224,SW-01,34.450152,-111.475684,1,TWR-SW-0224,4000,2150
100225,Mill Creek Hub 9,MSITE-100225,NW-03,48.089386,-122.206762,1,TWR-NW-0225,1000,450
100226,Mill Creek Node 22,MSITE-100226,NE-04,41.272811,-70.532462,1,TWR-NE-0226,4000,1450
100227,Riverbend Small Cell 11,MSITE-100227,SE-02,32.998845,-84.730587,1,TWR-SE-0227,1000,550
100228,Kingsley Micro-Site 39,MSITE-100228,MW-07,40.963051,-87.346131,1,TWR-MW-0228,4000,2350
100229,Whitfield Rooftop 10,MSITE-100229,SW-01,33.815042,-112.831758,1,TWR-SW-0229,1000,700
100230,Riverbend Rooftop 68,MSITE-100230,NW-03,48.68854,-123.269608,1,TWR-NW-0230,500,350
100231,Kingsley Micro-Site 38,MSITE-100231,NE-04,42.14756,-71.736784,3,TWR-NE-0231,1000,400
100232,Summit Micro-Site 40,MSITE-100232,SE-02,33.647612,-85.128803,1,TWR-SE-0232,4000,1350
100233,Mill Creek Macro Site 32,MSITE-100233,MW-07,41.364135,-86.713946,1,TWR-MW-0233,10000,7150
100234,Oakview Tower 28,MSITE-100234,SW-01,33.758188,-111.242443,1,TWR-SW-0234,2000,1450
100235,Willow Macro Site 35,MSITE-100235,NW-03,48.401693,-123.46542,1,TWR-NW-0235,4000,1800
100236,Cedar Micro-Site 8,MSITE-100236,NE-04,42.147761,-70.06567,1,TWR-NE-0236,4000,1450
100237,Lakeshore Rooftop 10,MSITE-100237,SE-02,32.650692,-84.046329,1,TWR-SE-0237,2000,1550
100238,Oakview Hub 21,MSITE-100238,MW-07,42.163106,-88.534817,1,TWR-MW-0238,500,150
100239,Kingsley Micro-Site 36,MSITE-100239,SW-01,33.800321,-112.168464,1,TWR-SW-0239,500,100
100240,Mill Creek Hub 7,MSITE-100240,NW-03,46.436576,-122.470239,1,TWR-NW-0240,4000,1450
100241,Riverbend Macro Site 4,MSITE-100241,NE-04,41.740154,-71.041823,1,TWR-NE-0241,4000,3000
100242,Mill Creek Tower 38,MSITE-100242,SE-02,32.989307,-83.773532,1,TWR-SE-0242,1000,400
100243,Willow Tower 31,MSITE-100243,MW-07,42.59864,-87.587824,1,TWR-MW-0243,2000,1450
100244,Willow Small Cell 24,MSITE-100244,SW-01,32.518709,-110.953311,1,TWR-SW-0244,1000,700
100245,Riverbend Hub 32,MSITE-100245,NW-03,47.657813,-122.759452,1,TWR-NW-0245,4000,1150
100246,Ashford Node 6,MSITE-100246,NE-04,42.77268,-70.283344,1,TWR-NE-0246,4000,2500
100247,Foxglove Micro-Site 17,MSITE-100247,SE-02,34.405014,-84.504327,1,TWR-SE-0247,10000,7900
100248,Mill Creek Hub 23,MSITE-100248,MW-07,42.040581,-88.106748,1,TWR-MW-0248,1000,450
100249,Whitfield Micro-Site 15,MSITE-100249,SW-01,33.065588,-112.447211,1,TWR-SW-0249,500,300
100250,Oakview Node 32,MSITE-100250,NW-03,46.856584,-123.448578,1,TWR-NW-0250,2000,650
100251,Beacon Hub 38,MSITE-100251,NE-04,43.284543,-70.731509,3,TWR-NE-0251,1000,450
100252,Kingsley Rooftop 38,MSITE-100252,SE-02,33.50775,-84.247764,1,TWR-SE-0252,4000,1100
100253,Foxglove Rooftop 24,MSITE-100253,MW-07,42.613988,-86.513129,1,TWR-MW-0253,10000,2750
100254,Stonebridge Rooftop 7,MSITE-100254,SW-01,33.592447,-112.101705,1,TWR-SW-0254,10000,2800
100255,Ashford Node 34,MSITE-100255,NW-03,48.304411,-123.376976,1,TWR-NW-0255,10000,6400
100256,Dunmore Node 5,MSITE-100256,NE-04,42.848165,-71.495313,1,TWR-NE-0256,4000,1000
100257,Harbor Macro Site 39,MSITE-100257,SE-02,34.508814,-83.7441,1,TWR-SE-0257,4000,2750
100258,Lakeshore Hub 11,MSITE-100258,MW-07,41.659397,-86.74375,1,TWR-MW-0258,10000,4150
100259,Granite Hub 90,MSITE-100259,SW-01,34.34565,-112.610335,1,TWR-SW-0259,1000,750
100260,Ashford Micro-Site 28,MSITE-100260,NW-03,48.184582,-122.741101,1,TWR-NW-0260,500,150
100261,Northgate Hub 8,MSITE-100261,NE-04,42.683448,-71.04568,1,TWR-NE-0261,500,100
100262,Crossing Hub 30,MSITE-100262,SE-02,32.9319,-83.315793,1,TWR-SE-0262,10000,5900
100263,Crossing Hub 12,MSITE-100263,MW-07,42.045793,-86.647611,1,TWR-MW-0263,10000,3150
100264,Granite Macro Site 4,MSITE-100264,SW-01,34.425204,-111.188053,1,TWR-SW-0264,500,350
100265,Whitfield Tower 30,MSITE-100265,NW-03,47.252452,-121.898718,1,TWR-NW-0265,500,200
100266,Ashford Hub 44,MSITE-100266,NE-04,42.46052,-71.222926,1,TWR-NE-0266,10000,6650
100267,Fairview Hub 5,MSITE-100267,SE-02,34.171059,-83.606069,1,TWR-SE-0267,500,350
100268,Granite Macro Site 19,MSITE-100268,MW-07,41.327814,-88.191012,1,TWR-MW-0268,2000,900
100269,Oakview Rooftop 22,MSITE-100269,SW-01,33.621891,-111.130149,1,TWR-SW-0269,2000,1100
100270,Beacon Small Cell 2,MSITE-100270,NW-03,46.706956,-121.558947,1,TWR-NW-0270,4000,1050
100271,Ashford Macro Site 33,MSITE-100271,NE-04,42.017032,-70.435279,1,TWR-NE-0271,1000,550
100272,Summit Small Cell 30,MSITE-100272,SE-02,33.77213,-83.749551,1,TWR-SE-0272,10000,7950
100273,Granite Micro-Site 63,MSITE-100273,MW-07,41.685354,-87.024529,1,TWR-MW-0273,4000,2200
100274,Harbor Hub 9,MSITE-100274,SW-01,34.204988,-112.460507,1,TWR-SW-0274,500,250
100275,Stonebridge Macro Site 9,MSITE-100275,NW-03,47.908928,-121.478094,1,TWR-NW-0275,1000,700
100276,Ashford Tower 28,MSITE-100276,NE-04,41.247572,-70.318591,1,TWR-NE-0276,2000,500
100277,Whitfield Rooftop 33,MSITE-100277,SE-02,34.660304,-84.230088,1,TWR-SE-0277,1000,550
100278,Granite Rooftop 27,MSITE-100278,MW-07,41.415739,-87.870394,1,TWR-MW-0278,1000,450
100279,Foxglove Tower 21,MSITE-100279,SW-01,33.29439,-113.047247,2,TWR-SW-0279,2000,1400
100280,Ridge Tower 27,MSITE-100280,NW-03,47.485305,-122.321423,1,TWR-NW-0280,500,150
100281,Mill Creek Macro Site 9,MSITE-100281,NE-04,43.54389,-70.109112,1,TWR-NE-0281,1000,350
100282,Whitfield Small Cell 30,MSITE-100282,SE-02,33.971466,-84.624545,1,TWR-SE-0282,4000,2000
100283,Northgate Hub 22,MSITE-100283,MW-07,42.475365,-86.986672,1,TWR-MW-0283,2000,600
100284,Foxglove Small Cell 11,MSITE-100284,SW-01,34.212995,-112.206465,2,TWR-SW-0284,4000,3050
100285,Harbor Tower 15,MSITE-100285,NW-03,48.448146,-122.2088,1,TWR-NW-0285,2000,850
100286,Beacon Micro-Site 12,MSITE-100286,NE-04,42.120784,-71.767356,1,TWR-NE-0286,10000,6950
100287,Harbor Tower 17,MSITE-100287,SE-02,32.726638,-83.632326,1,TWR-SE-0287,4000,2000
100288,Northgate Hub 11,MSITE-100288,MW-07,41.824042,-87.397514,1,TWR-MW-0288,4000,2500
100289,Riverbend Hub 34,MSITE-100289,SW-01,34.109967,-111.159204,1,TWR-SW-0289,500,300
100290,Ridge Hub 24,MSITE-100290,NW-03,48.670458,-122.615445,1,TWR-NW-0290,1000,500
100291,Mill Creek Hub 18,MSITE-100291,NE-04,43.457243,-70.281976,1,TWR-NE-0291,10000,2850
100292,Oakview Node 21,MSITE-100292,SE-02,34.574163,-85.103311,1,TWR-SE-0292,4000,2350
100293,Northgate Macro Site 39,MSITE-100293,MW-07,43.052142,-87.536727,1,TWR-MW-0293,4000,2500
100294,Kingsley Tower 30,MSITE-100294,SW-01,33.942032,-110.947056,1,TWR-SW-0294,500,200
100295,Ridge Tower 35,MSITE-100295,NW-03,47.234288,-122.112883,1,TWR-NW-0295,4000,1750
100296,Riverbend Small Cell 17,MSITE-100296,NE-04,41.849958,-71.701103,1,TWR-NE-0296,1000,750
100297,Fairview Hub 33,MSITE-100297,SE-02,32.812146,-83.349407,1,TWR-SE-0297,4000,2050
100298,Crossing Rooftop 18,MSITE-100298,MW-07,42.170747,-88.587729,1,TWR-MW-0298,500,200
100299,Beacon Macro Site 2,MSITE-100299,SW-01,34.204319,-111.489145,2,TWR-SW-0299,4000,1400
100300,Foxglove Micro-Site 37,MSITE-100300,NW-03,47.584569,-121.788776,1,TWR-NW-0300,4000,2400
100301,Oakview Tower 1,MSITE-100301,NE-04,43.506456,-69.892325,1,TWR-NE-0301,4000,3000
100302,Stonebridge Macro Site 7,MSITE-100302,SE-02,33.227768,-83.841341,1,TWR-SE-0302,10000,7050
100303,Foxglove Small Cell 20,MSITE-100303,MW-07,41.22558,-88.030376,1,TWR-MW-0303,10000,3550
100304,Lakeshore Macro Site 11,MSITE-100304,SW-01,33.558511,-112.050131,1,TWR-SW-0304,500,300
100305,Ridge Tower 30,MSITE-100305,NW-03,48.166946,-123.073049,1,TWR-NW-0305,2000,500
100306,Crossing Tower 11,MSITE-100306,NE-04,42.789683,-70.314629,1,TWR-NE-0306,1000,600
100307,Foxglove Tower 24,MSITE-100307,SE-02,33.071567,-84.632934,1,TWR-SE-0307,1000,300
100308,Summit Tower 28,MSITE-100308,MW-07,42.31918,-86.96906,1,TWR-MW-0308,500,350
100309,Stonebridge Node 14,MSITE-100309,SW-01,32.950788,-112.539366,1,TWR-SW-0309,4000,3050
100310,Whitfield Hub 31,MSITE-100310,NW-03,48.677043,-122.263518,1,TWR-NW-0310,10000,7750
100311,Willow Small Cell 17,MSITE-100311,NE-04,43.482461,-70.536743,1,TWR-NE-0311,10000,5300
100312,Ridge Macro Site 7,MSITE-100312,SE-02,34.270234,-83.890214,1,TWR-SE-0312,4000,2000
100313,Dunmore Tower 33,MSITE-100313,MW-07,40.708059,-88.761223,1,TWR-MW-0313,2000,900
100314,Riverbend Small Cell 24,MSITE-100314,SW-01,32.376238,-111.815673,1,TWR-SW-0314,2000,1350
100315,Riverbend Node 77,MSITE-100315,NW-03,46.699979,-122.56848,1,TWR-NW-0315,4000,2400
100316,Foxglove Rooftop 33,MSITE-100316,NE-04,42.376023,-71.904438,1,TWR-NE-0316,4000,2350
100317,Beacon Hub 37,MSITE-100317,SE-02,34.938947,-84.871609,1,TWR-SE-0317,10000,6300
100318,Crossing Small Cell 36,MSITE-100318,MW-07,40.777662,-88.763955,1,TWR-MW-0318,500,150
100319,Beacon Small Cell 29,MSITE-100319,SW-01,34.00992,-111.647534,1,TWR-SW-0319,500,200
100320,Willow Rooftop 27,MSITE-100320,NW-03,47.456082,-122.0687,1,TWR-NW-0320,1000,650
100321,Riverbend Node 37,MSITE-100321,NE-04,42.497569,-69.872252,1,TWR-NE-0321,1000,500
100322,Harbor Rooftop 34,MSITE-100322,SE-02,33.360048,-83.567531,1,TWR-SE-0322,10000,7350
100323,Summit Micro-Site 21,MSITE-100323,MW-07,41.216288,-86.594472,1,TWR-MW-0323,500,250
100324,Willow Micro-Site 11,MSITE-100324,SW-01,34.018694,-113.237353,1,TWR-SW-0324,10000,3200
100325,Willow Tower 27,MSITE-100325,NW-03,47.684943,-121.928887,1,TWR-NW-0325,500,200
100326,Ashford Hub 37,MSITE-100326,NE-04,42.271795,-71.534952,1,TWR-NE-0326,500,100
100327,Harbor Hub 68,MSITE-100327,SE-02,34.755894,-84.226182,1,TWR-SE-0327,2000,1250
100328,Crossing Micro-Site 25,MSITE-100328,MW-07,41.131,-88.36696,1,TWR-MW-0328,10000,6900
100329,Beacon Hub 3,MSITE-100329,SW-01,32.740997,-112.641254,1,TWR-SW-0329,2000,950
100330,Dunmore Node 1,MSITE-100330,NW-03,47.722486,-121.482774,1,TWR-NW-0330,2000,850
100331,Whitfield Tower 27,MSITE-100331,NE-04,42.141631,-71.404235,1,TWR-NE-0331,2000,1000
100332,Harbor Macro Site 32,MSITE-100332,SE-02,33.866133,-84.91783,1,TWR-SE-0332,10000,7050
100333,Fairview Node 27,MSITE-100333,MW-07,42.090446,-86.504659,1,TWR-MW-0333,2000,850
100334,Ridge Macro Site 13,MSITE-100334,SW-01,32.801651,-112.86345,1,TWR-SW-0334,10000,6550
100335,Cedar Micro-Site 32,MSITE-100335,NW-03,48.056884,-121.203209,1,TWR-NW-0335,1000,300
100336,Stonebridge Micro-Site 35,MSITE-100336,NE-04,41.827339,-71.021604,1,TWR-NE-0336,1000,400
100337,Riverbend Rooftop 17,MSITE-100337,SE-02,34.023003,-83.571752,1,TWR-SE-0337,1000,250
100338,Dunmore Rooftop 20,MSITE-100338,MW-07,41.058077,-87.874654,1,TWR-MW-0338,4000,2800
100339,Mill Creek Small Cell 21,MSITE-100339,SW-01,33.847885,-112.209102,1,TWR-SW-0339,1000,650
100340,Cedar Rooftop 1,MSITE-100340,NW-03,48.731995,-123.100536,1,TWR-NW-0340,10000,3950
100341,Whitfield Micro-Site 17,MSITE-100341,NE-04,43.122316,-71.325223,1,TWR-NE-0341,4000,2850
100342,Willow Hub 34,MSITE-100342,SE-02,34.336931,-84.962275,1,TWR-SE-0342,1000,650
100343,Lakeshore Tower 2,MSITE-100343,MW-07,42.691671,-87.922463,1,TWR-MW-0343,10000,6450
100344,Oakview Node 2,MSITE-100344,SW-01,32.340989,-112.454265,1,TWR-SW-0344,2000,1550
100345,Foxglove Node 15,MSITE-100345,NW-03,47.952271,-121.96014,1,TWR-NW-0345,1000,450
100346,Foxglove Small Cell 32,MSITE-100346,NE-04,43.510868,-69.937811,1,TWR-NE-0346,2000,1450
100347,Mill Creek Small Cell 15,MSITE-100347,SE-02,33.754338,-83.321437,1,TWR-SE-0347,500,350
100348,Lakeshore Hub 3,MSITE-100348,MW-07,41.319624,-86.624521,1,TWR-MW-0348,4000,2450
100349,Harbor Macro Site 36,MSITE-100349,SW-01,32.507438,-111.695471,1,TWR-SW-0349,10000,2650
100350,Riverbend Hub 39,MSITE-100350,NW-03,47.747147,-122.810812,1,TWR-NW-0350,4000,1150
100351,Beacon Node 36,MSITE-100351,NE-04,41.987898,-71.688832,3,TWR-NE-0351,2000,750
100352,Ashford Small Cell 2,MSITE-100352,SE-02,33.393687,-83.756192,1,TWR-SE-0352,2000,1250
100353,Willow Micro-Site 10,MSITE-100353,MW-07,41.422652,-87.290402,1,TWR-MW-0353,2000,1050
100354,Kingsley Small Cell 35,MSITE-100354,SW-01,33.661544,-111.702865,1,TWR-SW-0354,1000,550
100355,Oakview Macro Site 11,MSITE-100355,NW-03,46.524642,-121.322557,1,TWR-NW-0355,500,150
100356,Fairview Node 5,MSITE-100356,NE-04,41.176715,-69.899734,1,TWR-NE-0356,1000,400
100357,Northgate Tower 35,MSITE-100357,SE-02,33.062133,-84.918682,1,TWR-SE-0357,4000,3150
100358,Fairview Micro-Site 14,MSITE-100358,MW-07,41.868769,-88.074434,1,TWR-MW-0358,2000,1550
100359,Summit Micro-Site 12,MSITE-100359,SW-01,33.729819,-112.895066,1,TWR-SW-0359,2000,850
100360,Harbor Node 27,MSITE-100360,NW-03,48.135929,-121.582313,1,TWR-NW-0360,4000,1900
100361,Lakeshore Hub 33,MSITE-100361,NE-04,41.972868,-71.899145,1,TWR-NE-0361,1000,500
100362,Lakeshore Small Cell 15,MSITE-100362,SE-02,34.547302,-84.716495,1,TWR-SE-0362,4000,1400
100363,Granite Hub 4,MSITE-100363,MW-07,43.002829,-87.990192,1,TWR-MW-0363,2000,1250
100364,Summit Rooftop 14,MSITE-100364,SW-01,32.327205,-111.861946,1,TWR-SW-0364,1000,650
100365,Lakeshore Macro Site 7,MSITE-100365,NW-03,47.118389,-122.102387,1,TWR-NW-0365,10000,4450
100366,Granite Rooftop 53,MSITE-100366,NE-04,41.474956,-70.429697,1,TWR-NE-0366,4000,1450
100367,Crossing Small Cell 85,MSITE-100367,SE-02,34.261127,-84.104866,1,TWR-SE-0367,500,150
100368,Riverbend Tower 6,MSITE-100368,MW-07,41.268404,-88.110898,1,TWR-MW-0368,1000,350
100369,Fairview Rooftop 9,MSITE-100369,SW-01,34.423522,-112.203987,1,TWR-SW-0369,1000,400
100370,Granite Macro Site 40,MSITE-100370,NW-03,47.449556,-121.528479,1,TWR-NW-0370,10000,5750
100371,Dunmore Hub 35,MSITE-100371,NE-04,43.288553,-69.971156,1,TWR-NE-0371,2000,1250
100372,Ashford Rooftop 40,MSITE-100372,SE-02,33.765348,-84.69215,1,TWR-SE-0372,1000,550
100373,Willow Hub 21,MSITE-100373,MW-07,42.027205,-87.739101,1,TWR-MW-0373,10000,4300
100374,Riverbend Node 33,MSITE-100374,SW-01,34.348071,-110.996633,1,TWR-SW-0374,10000,5900
100375,Cedar Small Cell 4,MSITE-100375,NW-03,47.377334,-122.955681,1,TWR-NW-0375,4000,1300
100376,Kingsley Small Cell 64,MSITE-100376,NE-04,41.577327,-72.088759,1,TWR-NE-0376,2000,900
100377,Ridge Macro Site 21,MSITE-100377,SE-02,32.813618,-83.554122,1,TWR-SE-0377,1000,750
100378,Foxglove Node 34,MSITE-100378,MW-07,42.843596,-87.130825,1,TWR-MW-0378,1000,650
100379,Kingsley Rooftop 22,MSITE-100379,SW-01,33.813829,-111.204219,1,TWR-SW-0379,500,350
100380,Cedar Hub 23,MSITE-100380,NW-03,46.818651,-122.167164,1,TWR-NW-0380,10000,7350
100381,Ridge Small Cell 37,MSITE-100381,NE-04,41.64773,-71.870907,2,TWR-NE-0381,500,150
100382,Lakeshore Macro Site 27,MSITE-100382,SE-02,34.358115,-85.225182,1,TWR-SE-0382,4000,2550
100383,Mill Creek Node 31,MSITE-100383,MW-07,41.984461,-88.411524,1,TWR-MW-0383,500,150
100384,Stonebridge Small Cell 39,MSITE-100384,SW-01,34.365712,-111.338931,1,TWR-SW-0384,10000,5050
100385,Oakview Hub 33,MSITE-100385,NW-03,47.243494,-121.535514,1,TWR-NW-0385,2000,850
100386,Ridge Small Cell 2,MSITE-100386,NE-04,41.342407,-71.147068,1,TWR-NE-0386,1000,250
100387,Dunmore Micro-Site 51,MSITE-100387,SE-02,34.384908,-85.172613,1,TWR-SE-0387,500,150
100388,Granite Rooftop 3,MSITE-100388,MW-07,41.748223,-87.734154,1,TWR-MW-0388,2000,1550
100389,Dunmore Small Cell 31,MSITE-100389,SW-01,33.152433,-111.633067,1,TWR-SW-0389,10000,3350
100390,Foxglove Micro-Site 25,MSITE-100390,NW-03,48.699929,-123.210918,1,TWR-NW-0390,2000,600
100391,Mill Creek Macro Site 2,MSITE-100391,NE-04,41.886827,-70.816832,1,TWR-NE-0391,500,300
100392,Kingsley Rooftop 7,MSITE-100392,SE-02,32.728495,-84.48563,1,TWR-SE-0392,1000,300
100393,Lakeshore Micro-Site 22,MSITE-100393,MW-07,41.227361,-88.045894,1,TWR-MW-0393,4000,1150
100394,Granite Node 38,MSITE-100394,SW-01,34.172868,-112.583201,1,TWR-SW-0394,10000,5500
100395,Crossing Small Cell 6,MSITE-100395,NW-03,48.037972,-123.466358,2,TWR-NW-0395,2000,1050
100396,Cedar Hub 13,MSITE-100396,NE-04,42.901475,-72.224162,1,TWR-NE-0396,1000,550
100397,Harbor Rooftop 39,MSITE-100397,SE-02,33.278489,-85.008689,1,TWR-SE-0397,2000,1550
100398,Lakeshore Small Cell 25,MSITE-100398,MW-07,42.167128,-88.33712,1,TWR-MW-0398,4000,1100
100399,Mill Creek Micro-Site 20,MSITE-100399,SW-01,33.104873,-113.196676,1,TWR-SW-0399,2000,700
100400,Foxglove Macro Site 36,MSITE-100400,NW-03,47.136967,-122.464375,1,TWR-NW-0400,4000,2300
100401,Dunmore Hub 19,MSITE-100401,NE-04,42.554824,-71.835836,1,TWR-NE-0401,500,150
100402,Ridge Hub 10,MSITE-100402,SE-02,33.285874,-84.740734,1,TWR-SE-0402,4000,2700
100403,Harbor Tower 24,MSITE-100403,MW-07,42.345296,-88.610024,1,TWR-MW-0403,4000,2550
100404,Willow Rooftop 25,MSITE-100404,SW-01,34.315604,-112.506402,1,TWR-SW-0404,500,150
100405,Crossing Micro-Site 22,MSITE-100405,NW-03,47.349023,-121.394117,2,TWR-NW-0405,10000,3350
100406,Oakview Small Cell 35,MSITE-100406,NE-04,41.990838,-69.898366,1,TWR-NE-0406,500,200
101187,Granite Hill Macro Site,MSITE-101187,NE-04,42.4123,-71.2014,1,TWR-GH-1180,1000,300
102954,Fairview Ridge Tower,MSITE-102954,SE-02,33.8127,-84.4519,1,TWR-FR-3391,1000,450
103301,Lakeshore North Hub,MSITE-103301,MW-07,41.9622,-87.651,1,TWR-LN-5502,1000,350
104432,Riverside Crossing Tower,MSITE-104432,NE-04,42.371944,-71.086111,1,TWR-RC-2214,1000,300
105620,Dunmore Rooftop 3,MSITE-105620,SW-01,33.5011,-112.1114,1,TWR-DM-7714,1000,300
106018,Whitfield Summit Tower,MSITE-106018,NW-03,47.6648,-122.3019,1,TWR-WS-8827,4000,2100
