ACCT_ID,PERIOD,USAGE_MB
BEACON-004417,2026-06,5813259
BEACON-004417,2026-07,7472103
MER-011000,2026-06,3146111
MER-011000,2026-07,4049593
MER-011007,2026-06,1024033
MER-011007,2026-07,1024485
MER-011014,2026-06,622038
MER-011014,2026-07,816852
MER-011021,2026-06,407140
MER-011021,2026-07,273807
MER-011028,2026-06,3655752
MER-011028,2026-07,4465608
MER-011035,2026-06,3678631
MER-011035,2026-07,4140306
MER-011042,2026-06,1225894
MER-011042,2026-07,1584690
MER-011049,2026-06,512683
MER-011049,2026-07,512050
MER-011056,2026-06,445992
MER-011056,2026-07,419445
MER-011063,2026-06,9402043
MER-011063,2026-07,7598936
MER-011070,2026-06,1440490
MER-011070,2026-07,1776655
MER-011077,2026-06,1464511
MER-011077,2026-07,1504662
MER-011084,2026-06,663424
MER-011084,2026-07,965460
MER-011091,2026-06,256463
MER-011091,2026-07,256246
MER-011098,2026-06,9395653
MER-011098,2026-07,7278044
MER-011105,2026-06,3574907
MER-011105,2026-07,2848542
MER-011112,2026-06,717765
MER-011112,2026-07,671654
MER-011119,2026-06,743630
MER-011119,2026-07,736216
MER-011126,2026-06,297766
MER-011126,2026-07,353454
MER-011133,2026-06,5120178
MER-011133,2026-07,5120386
MER-011140,2026-06,3531126
MER-011140,2026-07,2808893
MER-011147,2026-06,1379141
MER-011147,2026-07,1360388
MER-011154,2026-06,451414
MER-011154,2026-07,441632
MER-011161,2026-06,391376
MER-011161,2026-07,436114
MER-011168,2026-06,8426008
MER-011168,2026-07,6866870
MER-011175,2026-06,2560587
MER-011175,2026-07,2560233
MER-011182,2026-06,1665272
MER-011182,2026-07,1191055
MER-011189,2026-06,636493
MER-011189,2026-07,835873
MER-011196,2026-06,253546
MER-011196,2026-07,208972
MER-011203,2026-06,7411074
MER-011203,2026-07,5570981
MER-011210,2026-06,4178650
MER-011210,2026-07,3546898
MER-011217,2026-06,1024350
MER-011217,2026-07,1024223
MER-011224,2026-06,942079
MER-011224,2026-07,773545
MER-011231,2026-06,371555
MER-011231,2026-07,313072
MER-011238,2026-06,3167223
MER-011238,2026-07,4861658
MER-011245,2026-06,4169798
MER-011245,2026-07,3888736
MER-011252,2026-06,1442479
MER-011252,2026-07,1503642
MER-011259,2026-06,512605
MER-011259,2026-07,512432
MER-011266,2026-06,484641
MER-011266,2026-07,291460
MER-011273,2026-06,5432886
MER-011273,2026-07,9682838
MER-011280,2026-06,1873607
MER-011280,2026-07,2016394
MER-011287,2026-06,1866707
MER-011287,2026-07,1291996
MER-011294,2026-06,673778
MER-011294,2026-07,741575
MER-011301,2026-06,256590
MER-011301,2026-07,256018
MER-011308,2026-06,9539292
MER-011308,2026-07,6054221
MER-011315,2026-06,3253090
MER-011315,2026-07,3205653
MER-011322,2026-06,766783
MER-011322,2026-07,683619
MER-011329,2026-06,663013
MER-011329,2026-07,790427
MER-011336,2026-06,290352
MER-011336,2026-07,448926
MER-011343,2026-06,5120801
MER-011343,2026-07,5120180
MER-011350,2026-06,4662351
MER-011350,2026-07,2852237
MER-011357,2026-06,1650269
MER-011357,2026-07,1234122
MER-011364,2026-06,333993
MER-011364,2026-07,403069
MER-011371,2026-06,435973
MER-011371,2026-07,365307
MER-011378,2026-06,8471183
MER-011378,2026-07,8139313
MER-011385,2026-06,2560051
MER-011385,2026-07,2560100
MER-011392,2026-06,1785288
MER-011392,2026-07,1863766
MER-011399,2026-06,551186
MER-011399,2026-07,608150
MER-011406,2026-06,216540
MER-011406,2026-07,173937
MER-011413,2026-06,9435436
MER-011413,2026-07,8621170
MER-011420,2026-06,3104732
MER-011420,2026-07,2694354
MER-011427,2026-06,1024030
MER-011427,2026-07,1024619
MER-011434,2026-06,662982
MER-011434,2026-07,821996
MER-011441,2026-06,373906
MER-011441,2026-07,356662
MER-011448,2026-06,4673820
MER-011448,2026-07,3559071
MER-011455,2026-06,4204644
MER-011455,2026-07,3261100
MER-011462,2026-06,1223921
MER-011462,2026-07,1864645
MER-011469,2026-06,512538
MER-011469,2026-07,512488
MER-011476,2026-06,365564
MER-011476,2026-07,315952
MER-011483,2026-06,5784174
MER-011483,2026-07,8476207
MER-011490,2026-06,1570980
MER-011490,2026-07,2355342
MER-011497,2026-06,1304043
MER-011497,2026-07,1943704
MER-011504,2026-06,629387
MER-011504,2026-07,748872
MER-011511,2026-06,256300
MER-011511,2026-07,256754
MER-011518,2026-06,8530931
MER-011518,2026-07,9149025
MER-011525,2026-06,4600550
MER-011525,2026-07,3643451
MER-011532,2026-06,946961
MER-011532,2026-07,935755
MER-011539,2026-06,833506
MER-011539,2026-07,648722
MER-011546,2026-06,314722
MER-011546,2026-07,313279
MER-011553,2026-06,5120095
MER-011553,2026-07,5120194
MER-011560,2026-06,3429717
MER-011560,2026-07,3947998
MER-011567,2026-06,1352066
MER-011567,2026-07,1184071
MER-011574,2026-06,423029
MER-011574,2026-07,465993
MER-011581,2026-06,305814
MER-011581,2026-07,353549
MER-011588,2026-06,9254431
MER-011588,2026-07,6998089
MER-011595,2026-06,2560624
MER-011595,2026-07,2560476
MER-011602,2026-06,1833337
MER-011602,2026-07,1446058
MER-011609,2026-06,625270
MER-011609,2026-07,851924
MER-011616,2026-06,163172
MER-011616,2026-07,246399
MER-011623,2026-06,8717972
MER-011623,2026-07,7141608
MER-011630,2026-06,3169527
MER-011630,2026-07,3951367
MER-011637,2026-06,1024422
MER-011637,2026-07,1024509
MER-011644,2026-06,867529
MER-011644,2026-07,926755
MER-011651,2026-06,274396
MER-011651,2026-07,473841
MER-011658,2026-06,4794639
MER-011658,2026-07,3503343
MER-011665,2026-06,3374025
MER-011665,2026-07,3433101
MER-011672,2026-06,1670113
MER-011672,2026-07,1592348
MER-011679,2026-06,512757
MER-011679,2026-07,512470
MER-011686,2026-06,384466
MER-011686,2026-07,304945
MER-011693,2026-06,7202384
MER-011693,2026-07,5717445
MER-011700,2026-06,2454971
MER-011700,2026-07,2447497
MER-011707,2026-06,1697580
MER-011707,2026-07,1860321
MER-011714,2026-06,847754
MER-011714,2026-07,667194
MER-011721,2026-06,256761
MER-011721,2026-07,256622
MER-011728,2026-06,6269662
MER-011728,2026-07,8360396
MER-011735,2026-06,4400249
MER-011735,2026-07,4293472
MER-011742,2026-06,908183
MER-011742,2026-07,563837
MER-011749,2026-06,913674
MER-011749,2026-07,675534
MER-011756,2026-06,271778
MER-011756,2026-07,339073
MER-011763,2026-06,5120389
MER-011763,2026-07,5120537
MER-011770,2026-06,4522055
MER-011770,2026-07,4776502
MER-011777,2026-06,1234727
MER-011777,2026-07,1749073
MER-011784,2026-06,380606
MER-011784,2026-07,336704
MER-011791,2026-06,418533
MER-011791,2026-07,311172
MER-011798,2026-06,7590422
MER-011798,2026-07,7487450
MER-011805,2026-06,2560374
MER-011805,2026-07,2560670
MER-011812,2026-06,1424230
MER-011812,2026-07,1300198
MER-011819,2026-06,951448
MER-011819,2026-07,779220
MER-011826,2026-06,181674
MER-011826,2026-07,173568
MER-011833,2026-06,7150802
MER-011833,2026-07,7290208
MER-011840,2026-06,4471624
MER-011840,2026-07,3365619
MER-011847,2026-06,1024016
MER-011847,2026-07,1024734
MER-011854,2026-06,683597
MER-011854,2026-07,662002
MER-011861,2026-06,412319
MER-011861,2026-07,395002
MER-011868,2026-06,3724590
MER-011868,2026-07,3666283
MER-011875,2026-06,2984504
MER-011875,2026-07,4452718
MER-011882,2026-06,1189600
MER-011882,2026-07,1337427
MER-011889,2026-06,512089
MER-011889,2026-07,512552
MER-011896,2026-06,465300
MER-011896,2026-07,284528
MER-011903,2026-06,8955781
MER-011903,2026-07,9165255
MER-011910,2026-06,1625678
MER-011910,2026-07,2412655
MER-011917,2026-06,1891834
MER-011917,2026-07,1477224
MER-011924,2026-06,624584
MER-011924,2026-07,577522
MER-011931,2026-06,256800
MER-011931,2026-07,256195
MER-011938,2026-06,8977234
MER-011938,2026-07,6500635
MER-011945,2026-06,4661382
MER-011945,2026-07,4003703
MER-011952,2026-06,973605
MER-011952,2026-07,808860
MER-011959,2026-06,723942
MER-011959,2026-07,573120
MER-011966,2026-06,447601
MER-011966,2026-07,467742
MER-011973,2026-06,5120667
MER-011973,2026-07,5120733
MER-011980,2026-06,2866331
MER-011980,2026-07,2946224
MER-011987,2026-06,1612036
MER-011987,2026-07,1316695
MER-011994,2026-06,361908
MER-011994,2026-07,339162
MER-012001,2026-06,289314
MER-012001,2026-07,463951
MER-012008,2026-06,8782844
MER-012008,2026-07,6229887
MER-012015,2026-06,2560794
MER-012015,2026-07,2560581
MER-012022,2026-06,1237020
MER-012022,2026-07,1423594
MER-012029,2026-06,876820
MER-012029,2026-07,856023
MER-012036,2026-06,170550
MER-012036,2026-07,235443
MER-012043,2026-06,8141431
MER-012043,2026-07,5746123
MER-012050,2026-06,4472239
MER-012050,2026-07,4647176
MER-012057,2026-06,1024551
MER-012057,2026-07,1024436
MER-012064,2026-06,763941
MER-012064,2026-07,657690
MER-012071,2026-06,422336
MER-012071,2026-07,443995
MER-012078,2026-06,2884036
MER-012078,2026-07,4686486
MER-012085,2026-06,4476700
MER-012085,2026-07,3589283
MER-012092,2026-06,1767063
MER-012092,2026-07,1454547
MER-012099,2026-06,512347
MER-012099,2026-07,512345
MER-012106,2026-06,451045
MER-012106,2026-07,430365
MER-012113,2026-06,6042094
MER-012113,2026-07,7116501
MER-012120,2026-06,2023622
MER-012120,2026-07,2331749
MER-012127,2026-06,1646936
MER-012127,2026-07,1255440
MER-012134,2026-06,808215
MER-012134,2026-07,539941
MER-012141,2026-06,256205
MER-012141,2026-07,256233
MER-012148,2026-06,9145995
MER-012148,2026-07,9302102
MER-012155,2026-06,4324565
MER-012155,2026-07,4100276
MER-012162,2026-06,946709
MER-012162,2026-07,623938
MER-012169,2026-06,650399
MER-012169,2026-07,876578
MER-012176,2026-06,300263
MER-012176,2026-07,484652
MER-012183,2026-06,5120429
MER-012183,2026-07,5120553
MER-012190,2026-06,4557616
MER-012190,2026-07,2990157
MER-012197,2026-06,1582196
MER-012197,2026-07,1563239
MER-012204,2026-06,365134
MER-012204,2026-07,357122
MER-012211,2026-06,365012
MER-012211,2026-07,447107
MER-012218,2026-06,6562269
MER-012218,2026-07,5481674
MER-012225,2026-06,2560694
MER-012225,2026-07,2560668
MER-012232,2026-06,1109569
MER-012232,2026-07,1537911
MER-012239,2026-06,783000
MER-012239,2026-07,883847
MER-012246,2026-06,194929
MER-012246,2026-07,168245
MER-012253,2026-06,7492841
MER-012253,2026-07,9187526
MER-012260,2026-06,4485825
MER-012260,2026-07,4607614
MER-012267,2026-06,1024577
MER-012267,2026-07,1024646
MER-012274,2026-06,565795
MER-012274,2026-07,662082
MER-012281,2026-06,381742
MER-012281,2026-07,342887
MER-012288,2026-06,3737357
MER-012288,2026-07,2987401
MER-012295,2026-06,4258750
MER-012295,2026-07,3924200
MER-012302,2026-06,1491199
MER-012302,2026-07,1207092
MER-012309,2026-06,512291
MER-012309,2026-07,512422
MER-012316,2026-06,423917
MER-012316,2026-07,378957
MER-012323,2026-06,6624150
MER-012323,2026-07,6998328
MER-012330,2026-06,2248153
MER-012330,2026-07,2388838
MER-012337,2026-06,1456387
MER-012337,2026-07,1846271
MER-012344,2026-06,870524
MER-012344,2026-07,919202
MER-012351,2026-06,256255
MER-012351,2026-07,256569
MER-012358,2026-06,9407350
MER-012358,2026-07,6256071
MER-012365,2026-06,4464041
MER-012365,2026-07,4735243
MER-012372,2026-06,648790
MER-012372,2026-07,883922
MER-012379,2026-06,933107
MER-012379,2026-07,739444
MER-012386,2026-06,273715
MER-012386,2026-07,437260
